{"pages":["SegoeScriptBold.png"],"chars":[{"id":1078,"index":377,"char":"ж","width":57,"height":26,"xoffset":0,"yoffset":12,"xadvance":47,"chnl":15,"x":0,"y":0,"page":0},{"id":1084,"index":370,"char":"м","width":57,"height":24,"xoffset":-2,"yoffset":12,"xadvance":46,"chnl":15,"x":58,"y":0,"page":0},{"id":1096,"index":383,"char":"ш","width":52,"height":23,"xoffset":2,"yoffset":13,"xadvance":45,"chnl":15,"x":116,"y":0,"page":0},{"id":1065,"index":361,"char":"Щ","width":52,"height":44,"xoffset":2,"yoffset":1,"xadvance":54,"chnl":15,"x":169,"y":0,"page":0},{"id":8470,"index":417,"char":"№","width":50,"height":36,"xoffset":0,"yoffset":2,"xadvance":51,"chnl":15,"x":116,"y":24,"page":0},{"id":1090,"index":373,"char":"т","width":49,"height":24,"xoffset":2,"yoffset":13,"xadvance":43,"chnl":15,"x":58,"y":25,"page":0},{"id":1049,"index":412,"char":"Й","width":34,"height":48,"xoffset":2,"yoffset":-10,"xadvance":39,"chnl":15,"x":0,"y":27,"page":0},{"id":1092,"index":381,"char":"ф","width":38,"height":47,"xoffset":-2,"yoffset":1,"xadvance":35,"chnl":15,"x":35,"y":50,"page":0},{"id":1064,"index":349,"char":"Ш","width":47,"height":35,"xoffset":1,"yoffset":2,"xadvance":51,"chnl":15,"x":222,"y":0,"page":0},{"id":40,"index":11,"char":"(","width":20,"height":47,"xoffset":-1,"yoffset":1,"xadvance":17,"chnl":15,"x":0,"y":76,"page":0},{"id":41,"index":12,"char":")","width":18,"height":47,"xoffset":-2,"yoffset":0,"xadvance":15,"chnl":15,"x":74,"y":50,"page":0},{"id":1097,"index":384,"char":"щ","width":46,"height":34,"xoffset":2,"yoffset":14,"xadvance":47,"chnl":15,"x":270,"y":0,"page":0},{"id":1046,"index":344,"char":"Ж","width":46,"height":39,"xoffset":-3,"yoffset":0,"xadvance":43,"chnl":15,"x":317,"y":0,"page":0},{"id":1031,"index":413,"char":"Ї","width":19,"height":45,"xoffset":0,"yoffset":-7,"xadvance":13,"chnl":15,"x":93,"y":50,"page":0},{"id":1062,"index":358,"char":"Ц","width":36,"height":44,"xoffset":1,"yoffset":3,"xadvance":37,"chnl":15,"x":270,"y":35,"page":0},{"id":1103,"index":402,"char":"я","width":43,"height":25,"xoffset":-3,"yoffset":11,"xadvance":32,"chnl":15,"x":222,"y":36,"page":0},{"id":1060,"index":350,"char":"Ф","width":37,"height":43,"xoffset":0,"yoffset":-2,"xadvance":37,"chnl":15,"x":167,"y":45,"page":0},{"id":1052,"index":347,"char":"М","width":43,"height":37,"xoffset":1,"yoffset":1,"xadvance":45,"chnl":15,"x":113,"y":61,"page":0},{"id":1070,"index":353,"char":"Ю","width":43,"height":37,"xoffset":1,"yoffset":1,"xadvance":42,"chnl":15,"x":205,"y":62,"page":0},{"id":1083,"index":379,"char":"л","width":41,"height":25,"xoffset":-2,"yoffset":12,"xadvance":31,"chnl":15,"x":157,"y":89,"page":0},{"id":1061,"index":336,"char":"Х","width":35,"height":41,"xoffset":0,"yoffset":0,"xadvance":33,"chnl":15,"x":21,"y":98,"page":0},{"id":36,"index":7,"char":"$","width":25,"height":41,"xoffset":-2,"yoffset":1,"xadvance":23,"chnl":15,"x":57,"y":98,"page":0},{"id":1040,"index":324,"char":"А","width":40,"height":38,"xoffset":-2,"yoffset":1,"xadvance":36,"chnl":15,"x":83,"y":99,"page":0},{"id":1081,"index":411,"char":"й","width":39,"height":36,"xoffset":1,"yoffset":1,"xadvance":32,"chnl":15,"x":364,"y":0,"page":0},{"id":1087,"index":380,"char":"п","width":39,"height":22,"xoffset":2,"yoffset":14,"xadvance":32,"chnl":15,"x":404,"y":0,"page":0},{"id":1080,"index":393,"char":"и","width":39,"height":24,"xoffset":1,"yoffset":13,"xadvance":32,"chnl":15,"x":444,"y":0,"page":0},{"id":1047,"index":345,"char":"З","width":28,"height":39,"xoffset":-1,"yoffset":1,"xadvance":27,"chnl":15,"x":484,"y":0,"page":0},{"id":1051,"index":343,"char":"Л","width":39,"height":37,"xoffset":-4,"yoffset":2,"xadvance":35,"chnl":15,"x":404,"y":23,"page":0},{"id":1057,"index":365,"char":"С","width":39,"height":36,"xoffset":0,"yoffset":2,"xadvance":38,"chnl":15,"x":364,"y":37,"page":0},{"id":1058,"index":330,"char":"Т","width":39,"height":36,"xoffset":-3,"yoffset":2,"xadvance":33,"chnl":15,"x":444,"y":25,"page":0},{"id":47,"index":18,"char":"/","width":29,"height":39,"xoffset":-3,"yoffset":1,"xadvance":24,"chnl":15,"x":124,"y":99,"page":0},{"id":1088,"index":372,"char":"р","width":38,"height":36,"xoffset":0,"yoffset":12,"xadvance":28,"chnl":15,"x":404,"y":61,"page":0},{"id":1050,"index":346,"char":"К","width":38,"height":38,"xoffset":3,"yoffset":0,"xadvance":40,"chnl":15,"x":83,"y":138,"page":0},{"id":1044,"index":416,"char":"Д","width":38,"height":33,"xoffset":-2,"yoffset":4,"xadvance":35,"chnl":15,"x":307,"y":40,"page":0},{"id":1071,"index":354,"char":"Я","width":33,"height":38,"xoffset":-1,"yoffset":1,"xadvance":31,"chnl":15,"x":443,"y":62,"page":0},{"id":1063,"index":360,"char":"Ч","width":30,"height":38,"xoffset":2,"yoffset":1,"xadvance":34,"chnl":15,"x":477,"y":62,"page":0},{"id":1068,"index":352,"char":"Ь","width":29,"height":38,"xoffset":2,"yoffset":1,"xadvance":31,"chnl":15,"x":0,"y":140,"page":0},{"id":1041,"index":340,"char":"Б","width":29,"height":38,"xoffset":1,"yoffset":2,"xadvance":29,"chnl":15,"x":30,"y":140,"page":0},{"id":1085,"index":390,"char":"н","width":37,"height":26,"xoffset":2,"yoffset":12,"xadvance":31,"chnl":15,"x":307,"y":74,"page":0},{"id":1095,"index":382,"char":"ч","width":37,"height":28,"xoffset":3,"yoffset":11,"xadvance":31,"chnl":15,"x":249,"y":80,"page":0},{"id":1059,"index":331,"char":"У","width":36,"height":37,"xoffset":-3,"yoffset":2,"xadvance":29,"chnl":15,"x":199,"y":100,"page":0},{"id":1053,"index":327,"char":"Н","width":33,"height":37,"xoffset":1,"yoffset":1,"xadvance":34,"chnl":15,"x":154,"y":115,"page":0},{"id":1042,"index":325,"char":"В","width":30,"height":37,"xoffset":2,"yoffset":2,"xadvance":32,"chnl":15,"x":122,"y":139,"page":0},{"id":1056,"index":329,"char":"Р","width":32,"height":37,"xoffset":1,"yoffset":2,"xadvance":31,"chnl":15,"x":345,"y":74,"page":0},{"id":1054,"index":328,"char":"О","width":37,"height":36,"xoffset":0,"yoffset":2,"xadvance":38,"chnl":15,"x":287,"y":101,"page":0},{"id":1028,"index":364,"char":"Є","width":30,"height":37,"xoffset":0,"yoffset":1,"xadvance":28,"chnl":15,"x":236,"y":109,"page":0},{"id":1048,"index":342,"char":"И","width":34,"height":37,"xoffset":2,"yoffset":1,"xadvance":39,"chnl":15,"x":188,"y":138,"page":0},{"id":1091,"index":374,"char":"у","width":26,"height":36,"xoffset":2,"yoffset":12,"xadvance":29,"chnl":15,"x":153,"y":153,"page":0},{"id":1082,"index":369,"char":"к","width":36,"height":24,"xoffset":2,"yoffset":13,"xadvance":29,"chnl":15,"x":378,"y":98,"page":0},{"id":1079,"index":378,"char":"з","width":33,"height":36,"xoffset":0,"yoffset":10,"xadvance":23,"chnl":15,"x":325,"y":112,"page":0},{"id":1093,"index":391,"char":"х","width":36,"height":27,"xoffset":1,"yoffset":14,"xadvance":28,"chnl":15,"x":267,"y":138,"page":0},{"id":1110,"index":398,"char":"і","width":26,"height":36,"xoffset":2,"yoffset":1,"xadvance":20,"chnl":15,"x":415,"y":98,"page":0},{"id":1072,"index":366,"char":"а","width":36,"height":25,"xoffset":0,"yoffset":11,"xadvance":28,"chnl":15,"x":223,"y":147,"page":0},{"id":1076,"index":376,"char":"д","width":23,"height":36,"xoffset":0,"yoffset":2,"xadvance":21,"chnl":15,"x":359,"y":123,"page":0},{"id":1073,"index":375,"char":"б","width":23,"height":36,"xoffset":0,"yoffset":1,"xadvance":19,"chnl":15,"x":383,"y":123,"page":0},{"id":1043,"index":341,"char":"Г","width":31,"height":36,"xoffset":2,"yoffset":2,"xadvance":29,"chnl":15,"x":304,"y":149,"page":0},{"id":63,"index":34,"char":"?","width":23,"height":36,"xoffset":1,"yoffset":2,"xadvance":22,"chnl":15,"x":260,"y":166,"page":0},{"id":35,"index":6,"char":"#","width":36,"height":33,"xoffset":-1,"yoffset":3,"xadvance":33,"chnl":15,"x":223,"y":173,"page":0},{"id":38,"index":9,"char":"&","width":36,"height":36,"xoffset":1,"yoffset":2,"xadvance":39,"chnl":15,"x":180,"y":176,"page":0},{"id":1074,"index":367,"char":"в","width":21,"height":35,"xoffset":0,"yoffset":2,"xadvance":19,"chnl":15,"x":60,"y":140,"page":0},{"id":1102,"index":388,"char":"ю","width":35,"height":27,"xoffset":1,"yoffset":11,"xadvance":35,"chnl":15,"x":442,"y":101,"page":0},{"id":52,"index":23,"char":"4","width":33,"height":35,"xoffset":-1,"yoffset":4,"xadvance":31,"chnl":15,"x":478,"y":101,"page":0},{"id":64,"index":35,"char":"@","width":35,"height":35,"xoffset":0,"yoffset":2,"xadvance":35,"chnl":15,"x":442,"y":129,"page":0},{"id":1086,"index":371,"char":"о","width":34,"height":24,"xoffset":-1,"yoffset":12,"xadvance":25,"chnl":15,"x":478,"y":137,"page":0},{"id":1045,"index":326,"char":"Е","width":29,"height":34,"xoffset":1,"yoffset":3,"xadvance":29,"chnl":15,"x":407,"y":135,"page":0},{"id":1030,"index":359,"char":"І","width":14,"height":34,"xoffset":0,"yoffset":3,"xadvance":13,"chnl":15,"x":284,"y":166,"page":0},{"id":1055,"index":348,"char":"П","width":33,"height":34,"xoffset":2,"yoffset":4,"xadvance":33,"chnl":15,"x":478,"y":162,"page":0},{"id":50,"index":21,"char":"2","width":33,"height":34,"xoffset":-1,"yoffset":5,"xadvance":31,"chnl":15,"x":437,"y":165,"page":0},{"id":53,"index":24,"char":"5","width":34,"height":32,"xoffset":1,"yoffset":6,"xadvance":31,"chnl":15,"x":471,"y":197,"page":0},{"id":48,"index":19,"char":"0","width":34,"height":32,"xoffset":-2,"yoffset":5,"xadvance":31,"chnl":15,"x":336,"y":160,"page":0},{"id":33,"index":4,"char":"!","width":13,"height":34,"xoffset":0,"yoffset":3,"xadvance":14,"chnl":15,"x":60,"y":176,"page":0},{"id":1111,"index":410,"char":"ї","width":28,"height":33,"xoffset":1,"yoffset":4,"xadvance":19,"chnl":15,"x":371,"y":160,"page":0},{"id":49,"index":20,"char":"1","width":29,"height":33,"xoffset":1,"yoffset":5,"xadvance":31,"chnl":15,"x":299,"y":186,"page":0},{"id":1094,"index":392,"char":"ц","width":32,"height":32,"xoffset":1,"yoffset":14,"xadvance":32,"chnl":15,"x":400,"y":170,"page":0},{"id":55,"index":26,"char":"7","width":29,"height":32,"xoffset":1,"yoffset":6,"xadvance":31,"chnl":15,"x":433,"y":200,"page":0},{"id":56,"index":27,"char":"8","width":25,"height":32,"xoffset":3,"yoffset":6,"xadvance":31,"chnl":15,"x":260,"y":203,"page":0},{"id":37,"index":8,"char":"%","width":30,"height":32,"xoffset":0,"yoffset":4,"xadvance":31,"chnl":15,"x":329,"y":193,"page":0},{"id":1089,"index":401,"char":"с","width":31,"height":26,"xoffset":0,"yoffset":12,"xadvance":22,"chnl":15,"x":360,"y":194,"page":0},{"id":51,"index":22,"char":"3","width":29,"height":31,"xoffset":1,"yoffset":6,"xadvance":31,"chnl":15,"x":392,"y":203,"page":0},{"id":54,"index":25,"char":"6","width":29,"height":31,"xoffset":1,"yoffset":5,"xadvance":31,"chnl":15,"x":360,"y":221,"page":0},{"id":57,"index":28,"char":"9","width":26,"height":31,"xoffset":3,"yoffset":6,"xadvance":31,"chnl":15,"x":217,"y":207,"page":0},{"id":1075,"index":368,"char":"г","width":30,"height":24,"xoffset":2,"yoffset":14,"xadvance":23,"chnl":15,"x":286,"y":220,"page":0},{"id":1100,"index":386,"char":"ь","width":30,"height":27,"xoffset":1,"yoffset":11,"xadvance":21,"chnl":15,"x":244,"y":236,"page":0},{"id":59,"index":30,"char":";","width":15,"height":30,"xoffset":-3,"yoffset":12,"xadvance":14,"chnl":15,"x":346,"y":40,"page":0},{"id":1077,"index":389,"char":"е","width":29,"height":27,"xoffset":-3,"yoffset":12,"xadvance":17,"chnl":15,"x":317,"y":226,"page":0},{"id":1108,"index":397,"char":"є","width":22,"height":26,"xoffset":2,"yoffset":11,"xadvance":22,"chnl":15,"x":275,"y":245,"page":0},{"id":94,"index":65,"char":"^","width":26,"height":21,"xoffset":-1,"yoffset":5,"xadvance":24,"chnl":15,"x":484,"y":40,"page":0},{"id":61,"index":32,"char":"=","width":25,"height":19,"xoffset":1,"yoffset":12,"xadvance":26,"chnl":15,"x":378,"y":74,"page":0},{"id":58,"index":29,"char":":","width":11,"height":25,"xoffset":1,"yoffset":12,"xadvance":13,"chnl":15,"x":347,"y":226,"page":0},{"id":42,"index":13,"char":"*","width":25,"height":22,"xoffset":-2,"yoffset":2,"xadvance":22,"chnl":15,"x":463,"y":230,"page":0},{"id":45,"index":16,"char":"-","width":23,"height":9,"xoffset":2,"yoffset":19,"xadvance":27,"chnl":15,"x":489,"y":230,"page":0},{"id":39,"index":10,"char":"'","width":11,"height":19,"xoffset":0,"yoffset":3,"xadvance":10,"chnl":15,"x":287,"y":80,"page":0},{"id":34,"index":5,"char":"\"","width":18,"height":19,"xoffset":0,"yoffset":2,"xadvance":17,"chnl":15,"x":298,"y":245,"page":0},{"id":46,"index":17,"char":".","width":10,"height":10,"xoffset":0,"yoffset":26,"xadvance":11,"chnl":15,"x":188,"y":115,"page":0},{"id":32,"index":3,"char":" ","width":0,"height":0,"xoffset":-2,"yoffset":33,"xadvance":17,"chnl":15,"x":83,"y":98,"page":0}],"info":{"face":"SegoeScriptBold","size":42,"bold":0,"italic":0,"charset":["й","ц","у","к","е","н","г","ш","щ","з","х","ї","ф","і","в","а","п","р","о","л","д","ж","є","я","ч","с","м","и","т","ь","б","ю",".","Й","Ц","У","К","Е","Н","Г","Ш","Щ","З","Х","Ї","Ф","І","В","А","П","Р","О","Л","Д","Ж","Є","Я","Ч","С","М","И","Т","Ь","Б","Ю"," ","1","2","3","4","5","6","7","8","9","0","-","=","/","'","!","\"","№",";","%",":","?","*","(",")","@","#","$","^","&"],"unicode":1,"stretchH":100,"smooth":1,"aa":1,"padding":[2,2,2,2],"spacing":[0,0]},"common":{"lineHeight":45,"base":33,"scaleW":512,"scaleH":512,"pages":1,"packed":0,"alphaChnl":0,"redChnl":0,"greenChnl":0,"blueChnl":0},"distanceField":{"fieldType":"msdf","distanceRange":4},"kernings":[{"first":46,"second":50,"amount":4},{"first":46,"second":55,"amount":-8},{"first":46,"second":57,"amount":-11},{"first":46,"second":48,"amount":3},{"first":51,"second":46,"amount":-4},{"first":55,"second":46,"amount":-8},{"first":56,"second":46,"amount":-3},{"first":57,"second":46,"amount":-5},{"first":48,"second":46,"amount":-3}]}